from_HexID,to_HexID,distance
0,2,3024.0880068475917
0,3,4197.891632102049
0,4,5237.9159840144275
0,5,6295.233969427434
0,6,7609.648468858369
0,7,9640.863624336884
0,8,1792.8501046070396
0,9,4088.3315457343256
0,10,5239.926762641594
0,11,6196.073974314167
0,12,7378.26447767763
0,13,8706.824497435768
0,14,10245.271765563388
0,16,2827.048443016284
0,17,4283.771372983005
0,18,5299.98101133313
0,19,5958.738008084142
0,20,7042.7829312608055
0,22,9216.809358331486
0,23,3514.1878854307006
0,24,3454.876627018124
0,25,4207.2770423341
0,26,5120.957640045026
0,27,6624.504677479518
0,28,7756.318227874247
0,29,8809.001452274133
0,30,9597.239309652252
0,31,3709.1728087332494
0,32,4620.695021829144
0,33,5307.668161746768
0,34,6599.811062389825
0,35,7488.145428596067
0,36,7552.161317330386
0,38,9598.05973665718
0,39,5038.448844552523
0,40,6702.3743467738495
0,42,8177.138707437838
0,44,7672.252421914885
0,45,9083.36489350578
0,46,10166.31963671031
0,47,5486.3792873827215
0,48,6147.41220219512
0,49,6975.718634162487
0,50,7336.721768527532
0,51,7804.766450212061
0,52,8961.599139199428
0,53,8202.96519479989
0,54,9860.247023562097
0,55,6568.749651668672
0,56,7124.551261702439
0,57,8244.88566510857
0,58,8525.161936048511
0,59,9414.96701578955
0,60,9521.087383547225
0,61,9476.097509077646
0,62,10562.332633976452
2,3,1210.290160983698
2,4,2250.314512896078
2,5,3307.632498309086
2,6,4622.046997740019
2,7,6653.262153218531
2,8,4118.51674330308
2,9,1100.7300746159797
2,10,2252.3252915232433
2,11,3208.4725031958205
2,12,4390.663006559286
2,13,5719.223026317415
2,14,7257.670294445037
2,16,3130.1205798697065
2,17,2394.1165542303947
2,18,2515.337424621312
2,19,2971.1365369657924
2,20,4055.1814601424603
2,22,6229.207887213133
2,23,5839.854524126743
2,24,3042.273417733332
2,25,3041.60423895739
2,26,3290.292584428495
2,27,3838.754582450657
2,28,4768.716756755895
2,29,5821.399981155786
2,30,6609.637838533911
2,31,6002.116428850673
2,32,6946.361660525183
2,33,7633.334800442809
2,34,8925.477701085865
2,35,4803.677552349035
2,36,4833.629955215906
2,38,6610.458265538828
2,39,7331.392464669947
2,40,8703.899351197375
2,42,10098.923394649655
2,44,6251.717870194008
2,45,6927.380277440445
2,46,7911.133178722136
2,47,7416.9087472738465
2,48,8122.963204369155
2,49,8965.14733225431
2,50,9662.388407223569
2,51,9132.731886904727
2,52,8462.721139512185
2,53,6806.123871458256
2,54,7812.426957948217
2,55,8499.279111559796
2,56,9101.44991684589
2,57,10234.314363200383
2,58,10628.820403153251
2,59,8782.086171850338
2,60,8813.683924418563
2,61,8055.562957356758
2,62,8925.926357334065
3,4,1465.6516648401162
3,5,2697.702873882898
3,6,4012.117373313831
3,7,6043.3325287923435
3,8,5292.320368557534
3,9,1962.303567427121
3,10,1718.6206671116292
3,11,2598.5428787696337
3,12,3780.7333821331017
3,13,5109.293401891228
3,14,6723.965670033421
3,16,4285.265434766135
3,17,2870.374271802158
3,18,2503.065968909866
3,19,2437.4319125541774
3,20,3521.4768357308453
3,22,5695.503262801517
3,23,7013.658149381196
3,24,3518.531135305095
3,25,3249.658220132982
3,26,2779.961637257485
3,27,3305.0499580390433
3,28,4235.01213234428
3,29,5287.69535674417
3,30,6075.933214122295
3,31,7175.920054105125
3,32,8120.165285779636
3,33,8807.13842569726
3,34,10099.28132634032
3,35,4269.972927937422
3,36,4299.925330804292
3,38,6076.753641127213
3,39,8505.196089924399
3,40,9877.702976451827
3,42,9660.219793535489
3,44,5813.014269079843
3,45,6393.67565302883
3,46,7377.428554310522
3,47,8590.712372528296
3,48,9296.766829623597
3,49,10138.950957508763
3,50,9661.258383120588
3,51,8694.02828579056
3,52,8024.017538398022
3,53,6367.420270344091
3,54,7278.7223335366025
3,55,9673.082736814249
3,56,10275.253542100332
3,57,10413.899987545334
3,58,10472.010256777232
3,59,8343.38257073617
3,60,8374.980323304397
3,61,7616.859356242593
3,62,8392.221732922453
4,5,1453.366503408455
4,6,2739.2681967803583
4,7,4798.996158317906
4,8,6332.344720469918
4,9,3002.3279193394983
4,10,1915.014363687488
4,11,1511.079189431049
4,12,2596.8618111351557
4,13,3864.9570314167895
4,14,5937.944952315421
4,16,4570.712926034794
4,17,3155.8217630708186
4,18,2788.513460178527
4,19,2633.825609130035
4,20,2885.106678209478
4,22,5023.349316109705
4,23,8053.6825012935815
4,24,3803.9786265737557
4,25,3535.105711401643
4,26,2976.3553338333445
4,27,3491.0277739058756
4,28,4125.387274684676
4,29,4760.306564126981
4,30,5548.544421505107
4,31,8215.944406017508
4,32,9160.189637692023
4,33,9847.162777609645
4,34,10936.88259914735
4,35,4457.6928838582
4,36,4487.645286725069
4,38,5746.478450459481
4,39,9545.220441836778
4,40,10917.727328364206
4,42,9856.61349011135
4,44,6009.407965655702
4,45,6184.317484166909
4,46,7047.153363642789
4,47,9630.736724440676
4,48,10336.791181535977
4,49,10759.460291147741
4,50,9857.652079696449
4,51,8890.42198236642
4,52,8220.41123497388
4,53,6563.81396691995
4,54,7069.364164674681
4,55,10713.107088726629
4,56,11315.277894012712
4,57,10610.293684121196
4,58,10668.403953353092
4,59,8539.77626731203
4,60,8571.374019880257
4,61,7813.253052818452
4,62,8182.86356406053
5,6,1380.4052825021226
5,7,3496.6076797846877
5,8,7389.662705882927
5,9,4059.6459047525104
5,10,2971.0020128032847
5,11,1045.5353979369997
5,12,1326.5555372376364
5,13,2562.568552883571
5,14,4635.556473782207
5,16,5628.030911447804
5,17,4213.139748483828
5,18,3845.831445591536
5,19,2602.2231340737058
5,20,1915.8508336341595
5,22,3753.0430422121863
5,23,9111.000486706585
5,24,4861.296611986763
5,25,4592.423696814655
5,26,3796.568135637
5,27,2921.5393095965856
5,28,3340.599428843022
5,29,3728.8695653832797
5,30,4517.107422761405
5,31,9273.262391430517
5,32,10217.507623105028
5,33,10904.48076302265
5,34,10804.372570434742
5,35,3805.666606616355
5,36,3835.6190094832227
5,38,4715.04145171578
5,39,10602.538427249787
5,40,11916.317539924354
5,42,9724.103461398741
5,44,5867.6727267001115
5,45,5384.355684569898
5,46,6015.716364899088
5,47,10688.054709853695
5,48,11288.480144056459
5,49,10322.306367253326
5,50,9420.498155802034
5,51,8757.911953653813
5,52,8087.901206261275
5,53,6431.303938207343
5,54,6269.40236507767
5,55,11770.425074139648
5,56,11626.495686622355
5,57,10173.028741206821
5,58,9902.14939456815
5,59,7773.5217085270915
5,60,7969.38588407254
5,61,7145.612732696592
5,62,7175.475054640656
6,7,2304.9268717030677
6,8,8704.07720531385
6,9,5374.0604041834395
6,10,3754.9138278772157
6,11,2110.879744626897
6,12,1023.603264615349
6,13,1378.153615632003
6,14,3451.1415365306325
6,16,6799.4155523915215
6,17,5527.554247914755
6,18,4661.163884800398
6,19,2884.238695292072
6,20,1787.9469716041103
6,22,2712.011024085148
6,23,10425.414986137504
6,24,5906.549144405682
6,25,5002.427876227709
6,26,3962.3459055871926
6,27,2866.994951692548
6,28,3202.525858657502
6,29,3213.29647048153
6,30,3755.4525945682467
6,31,10587.676890861438
6,32,11531.922122535947
6,33,10771.716776791474
6,34,10300.826776501717
6,35,3751.1222487123173
6,36,3781.0746515791852
6,38,4199.4683568140335
6,39,11903.223681437206
6,40,11412.771745991327
6,42,9220.557667465717
6,44,5813.128368796073
6,45,4880.809890636873
6,46,5500.143269997342
6,47,11812.622790881676
6,48,10784.934350123433
6,49,9818.7605733203
6,50,8916.952361869007
6,51,8254.366159720788
6,52,7584.355412328252
6,53,5927.75814427432
6,54,5765.856571144645
6,55,11697.807635309302
6,56,11122.949892689328
6,57,9669.482947273793
6,58,9398.603600635124
6,59,7269.975914594067
6,60,7465.840090139515
6,61,6642.066938763567
6,62,6671.929260707633
7,8,10735.292360792357
7,9,7262.93846447142
7,10,5398.139769763521
7,11,4064.9197398367974
7,12,2715.806256062344
7,13,1194.8920671344267
7,14,2461.1711702608295
7,16,7947.775527718341
7,17,6910.959054125474
7,18,5858.251256165552
7,19,4182.75986089576
7,20,3247.7978268150514
7,22,2053.321920977117
7,23,11876.73045934584
7,24,7054.9091197325015
7,25,6150.787851554529
7,26,5110.705880914011
7,27,4015.354927019366
7,28,3528.325392943681
7,29,3031.881019409647
7,30,3192.9850879930023
7,31,11976.163769611298
7,32,11229.603630439098
7,33,10429.555261819307
7,34,9994.197521242619
7,35,4764.982281925625
7,36,4318.554744336679
7,38,4018.0529057421504
7,39,11561.062166465032
7,40,11070.610231019153
7,42,8992.160489169306
7,44,6465.850345663789
7,45,4538.648375664704
7,46,5318.727818925459
7,47,11470.461275909503
7,48,10442.772835151258
7,49,9476.599058348125
7,50,8574.790846896833
7,51,8025.968981424375
7,52,7355.958234031839
7,53,5699.360965977908
7,54,5423.695056172476
7,55,11355.646120337127
7,56,10780.788377717154
7,57,9327.321432301622
7,58,9056.44208566296
7,59,6927.814399621898
7,60,7123.678575167346
7,61,6299.905423791398
7,62,6471.448458079747
8,9,5182.760282189815
8,10,6334.355499097084
8,11,7290.502710769658
8,12,8472.693214133122
8,13,9801.253233891248
8,14,10975.51953228839
8,16,3450.8032020568667
8,17,4907.5261320235895
8,18,5986.767736235883
8,19,7053.166744539632
8,20,8007.800578611882
8,22,9947.057125056488
8,23,3266.6655238692692
8,24,4153.049507432172
8,25,4911.18198256367
8,26,5832.5373698825215
8,27,7336.084407317014
8,28,8480.577038567857
8,29,9539.249218999135
8,30,10327.487076377254
8,31,3461.650447171818
8,32,4373.172660267712
8,33,5060.145800185336
8,34,6352.288700828392
8,35,8200.107432979608
8,36,8263.741047167883
8,38,10322.318547350787
8,39,4790.926482991094
8,40,6454.851985212421
8,42,7929.616345876406
8,44,8384.214426298427
8,45,9795.326897889321
8,46,10878.28164109385
8,47,5603.841643083375
8,48,5899.889840633691
8,49,6728.196272601059
8,50,7089.1994069661
8,51,7557.244088650628
8,52,8714.076777637996
8,53,8914.927199183432
8,54,10572.209027945637
8,55,6356.978634993564
8,56,6877.02890014101
8,57,7997.363303547142
8,58,8277.639574487079
8,59,9167.444654228115
8,60,9273.56502198579
8,61,10188.059513461192
8,62,11274.294638359992
9,10,2781.322819134227
9,11,3960.4859096392415
9,12,5140.691595606582
9,13,6328.899337570301
9,14,7427.134940215601
9,16,3171.711745380077
9,17,1756.8205824160977
9,18,2019.2463020290215
9,19,3140.601182736357
9,20,4224.646105913023
9,22,6398.672532983697
9,23,6904.098063013477
9,24,2404.977445919035
9,25,2420.609413706188
9,26,2897.8318016925987
9,27,3959.0045491958826
9,28,4938.181402526459
9,29,5990.86462692635
9,30,6779.102484304475
9,31,7066.359967737406
9,32,8010.605199411917
9,33,8697.578339329539
9,34,9989.7212399726
9,35,4913.613522159065
9,36,4943.565925025937
9,38,6779.922911309392
9,39,8395.63600355668
9,40,9768.142890084106
9,42,9602.832272057365
9,44,5755.626747601718
9,45,7096.844923211009
9,46,8080.5978244927
9,47,8481.152286160577
9,48,9187.206743255882
9,49,10029.390871141042
9,50,9603.870861642463
9,51,8636.640764312437
9,52,7966.630016919898
9,53,6310.032748865966
9,54,7943.621349248915
9,55,9563.522650446534
9,56,10165.693455732617
9,57,10356.512466067208
9,58,10414.622735299106
9,59,8285.995049258045
9,60,8317.592801826275
9,61,7559.4718347644675
9,62,8645.706959663272
10,11,2653.728169197578
10,12,3089.894322539127
10,13,4464.100642862402
10,14,5671.317610411878
10,16,3994.4635646152315
10,17,2579.572401651253
10,18,2100.8302581497987
10,19,1420.9303615289757
10,20,2359.84741120512
10,22,4642.8552031799745
10,23,8019.014901218646
10,24,3227.72926515419
10,25,2488.2228950238505
10,26,1763.460086232283
10,27,2288.5484070138427
10,28,3218.5105813190776
10,29,4235.047297122624
10,30,5023.285154500751
10,31,8213.99982452119
10,32,9125.522037617087
10,33,9812.49517753471
10,34,9723.987351546293
10,35,3253.4713769122195
10,36,3283.4237797790875
10,38,5060.252090102008
10,39,9543.27586034046
10,40,10919.738106991374
10,42,8643.718242510293
10,44,4796.512718054646
10,45,5377.174102003628
10,46,6360.9270032853165
10,47,9632.747503067843
10,48,10338.801960163144
10,49,9546.565043546674
10,50,8644.756832095381
10,51,7677.526734765361
10,52,7007.515987372825
10,53,5350.918719318894
10,54,6262.2207825114
10,55,10715.117867353796
10,56,10850.754362915703
10,57,9397.398436520127
10,58,9455.508705752027
10,59,7326.88101971097
10,60,7358.478772279203
10,61,6600.357805217393
10,62,7375.720181897249
11,12,1739.6862798445406
11,13,3130.8806129356844
11,14,4989.824778470383
11,16,5528.870916334539
11,17,4113.979753370561
11,18,3559.97822612076
11,19,1889.7263751091496
11,20,1678.3545792636246
11,22,3961.3623712384783
11,23,9011.84049159332
11,24,4762.1366168734985
11,25,3947.370862994813
11,26,3084.0713766724452
11,27,2284.275674960025
11,28,2918.6351757388256
11,29,3553.554465181126
11,30,4341.792322559251
11,31,9174.102396317254
11,32,10118.347627991763
11,33,10805.320767909385
11,34,10268.423895757262
11,35,3250.9407849123504
11,36,3280.8931877792184
11,38,4539.726351513627
11,39,10503.378432136524
11,40,11509.527240575513
11,42,9188.154786721261
11,44,5312.946904996104
11,45,4977.565385221057
11,46,5840.401264696936
11,47,10588.89471474043
11,48,10881.689844707618
11,49,9915.516067904486
11,50,9013.707856453193
11,51,8221.963278976333
11,52,7551.952531583795
11,53,5895.355263529863
11,54,5862.612065728829
11,55,11671.265079026383
11,56,11219.705387273514
11,57,9766.238441857977
11,58,9495.35909521931
11,59,7366.731409178251
11,60,7562.595584723699
11,61,6738.822433347751
11,62,6976.111465114678
12,13,1781.7671291612287
12,14,3680.384778284059
12,16,5975.689849130368
12,17,4938.873375537503
12,18,3886.165577577583
12,19,2060.5129920309196
12,20,964.2212683429574
12,22,2651.9223710521583
12,23,9904.644780757866
12,24,5082.823441144528
12,25,4178.7021729665585
12,26,3138.6202023260416
12,27,2043.269248431398
12,28,2378.8001553963504
12,29,2700.855051795487
12,30,3489.09290917361
12,31,10099.629704060419
12,32,11011.151917156309
12,33,10247.248057136705
12,34,9776.358056846952
12,35,2927.396545451167
12,36,2957.348948318035
12,38,3687.02693812799
12,39,11378.75496178243
12,40,10888.30302633655
12,42,8696.088947810948
12,44,4989.402665534922
12,45,4356.341170982102
12,46,4987.7018513113
12,47,11288.154071226902
12,48,10260.465630468656
12,49,9294.291853665523
12,50,8392.48364221423
12,51,7729.897440066016
12,52,7059.886692673481
12,53,5403.289424619549
12,54,5241.387851489874
12,55,11173.338915654525
12,56,10598.481173034552
12,57,9145.01422761902
12,58,8874.134880980357
12,59,6745.507194939296
12,60,6941.371370484744
12,61,6117.598219108796
12,62,6147.460541052862
13,14,2333.8408611319414
13,16,7013.736400817224
13,17,5976.91992722436
13,18,4924.21212926444
13,19,3248.72073399464
13,20,2313.758699913934
13,22,1440.0408933975982
13,23,10942.691332444729
13,24,6120.8699928313845
13,25,5216.748724653412
13,26,4176.666754012894
13,27,3081.315800118249
13,28,2568.9265759026766
13,29,1941.3263397939775
13,30,2483.4824638806963
13,31,11046.355153895916
13,32,10299.795014723717
13,33,9499.746646103922
13,34,9028.856645814169
13,35,3830.9431550245104
13,36,3384.5156174355616
13,38,2927.498226126483
13,39,10631.253550749643
13,40,10140.801615303764
13,42,7948.587536778171
13,44,5536.0417299484025
13,45,3608.839759949319
13,46,4228.173139309796
13,47,10540.652660194115
13,48,9512.96421943587
13,49,8546.790442632737
13,50,7644.982231181451
13,51,6982.396029033235
13,52,6312.3852816407
13,53,4655.788013586768
13,54,4493.886440457099
13,55,10425.837504621739
13,56,9850.979762001765
13,57,8397.512816586244
13,58,8126.633469947576
13,59,5998.005783906515
13,60,6193.869959451963
13,61,5370.096808076015
13,62,5399.959130020079
14,16,7985.864733624096
14,17,6949.048260031228
14,18,5896.340462071307
14,19,4455.937701544115
14,20,3520.9756674634086
14,22,1028.4624072319016
14,23,11528.640134922221
14,24,7092.998325638256
14,25,6188.877057460283
14,26,5148.795086819765
14,27,4005.792860170361
14,28,3206.3586003315945
14,29,2542.795876215928
14,30,1763.8516506156714
14,31,11497.478640456804
14,32,10750.918501284605
14,33,9950.870132664813
14,34,9515.512392088125
14,35,4672.141407104955
14,36,4175.844401165508
14,38,2719.023188092988
14,39,11082.377037310533
14,40,10591.925101864654
14,42,8513.475360014816
14,44,5987.165216509296
14,45,4034.4655406508605
14,46,4019.6981012763035
14,47,10991.776146755004
14,48,9964.087705996759
14,49,8997.913929193626
14,50,8096.105717742341
14,51,7547.283852269882
14,52,6877.273104877347
14,53,5220.675836823415
14,54,4557.9732133254865
14,55,10876.960991182628
14,56,10302.103248562655
14,57,8848.636303147128
14,58,8577.756956508467
14,59,6449.129270467404
14,60,6644.9934460128525
14,61,5821.220294636904
14,62,5671.472612711335
16,17,1776.9169442201608
16,18,2901.5165325956746
16,19,4091.837227528315
16,20,5018.145779947587
16,22,6957.402326392197
16,23,4390.103335020075
16,24,1174.2834334030044
16,25,1921.5271838993806
16,26,2842.8825712182297
16,27,4346.429608652724
16,28,5490.922239903562
16,29,6549.59442033485
16,30,7337.832277712975
16,31,4585.088258322622
16,32,5496.610471418515
16,33,6183.583611336141
16,34,7475.726511979197
16,35,5210.452634315318
16,36,5274.086248503591
16,38,7332.663748686494
16,39,5914.364294141897
16,40,7578.289796363222
16,42,9053.054157027203
16,44,5394.559627634139
16,45,6805.6720992250375
16,46,7888.626842429563
16,47,6407.014349504393
16,48,7023.327651784492
16,49,7851.63408375186
16,50,8212.637218116904
16,51,8251.880415965608
16,52,7581.869668573072
16,53,5925.27240051914
16,54,7582.554229281336
16,55,7480.416446144365
16,56,8000.466711291811
16,57,9120.80111469794
16,58,9401.077385637891
16,59,7909.131938219758
16,60,7932.83245347945
16,61,7198.4047147968895
16,62,8284.63983969569
17,18,1486.6253696316958
17,19,2938.8507652533835
17,20,3981.3293063547185
17,22,5920.585852799328
17,23,5846.826264986798
17,24,1384.2572296540814
17,25,1537.9376137096913
17,26,2191.5356515773856
17,27,3309.613135059857
17,28,4454.105766310692
17,29,5512.7779467419805
17,30,6301.015804120106
17,31,6041.811188289344
17,32,6953.333401385238
17,33,7640.306541302864
17,34,8932.44944194592
17,35,4207.317372043855
17,36,4237.269774910724
17,38,6295.847275093624
17,39,7371.087224108618
17,40,9035.012726329938
17,42,8877.313222810873
17,44,5030.107698355228
17,45,6441.220169946127
17,46,7524.174913150652
17,47,7863.737279471119
17,48,8480.050581751215
17,49,9308.357013718576
17,50,8878.351812395967
17,51,7911.121715065943
17,52,7241.110967673408
17,53,5584.513699619476
17,54,7218.102300002425
17,55,8937.139376111087
17,56,9457.189641258534
17,57,9630.993416820711
17,58,9689.103686052613
17,59,7560.476000011554
17,60,7592.073752579786
17,61,6833.952785517978
17,62,7920.187910416777
18,19,1945.2255144831913
18,20,2928.621508394799
18,22,4867.878054839407
18,23,6926.067869199088
18,24,2134.7822331346333
18,25,1113.8266908652981
18,26,1138.8278536174653
18,27,2256.9053370999354
18,28,3401.3979683507723
18,29,4460.070148782058
18,30,5248.308006160185
18,31,7121.052792501633
18,32,8032.575005597528
18,33,8719.54814551515
18,34,8925.450093244555
18,35,3154.6095740839346
18,36,3184.5619769508025
18,38,5243.139477133705
18,39,8450.328828320906
18,40,10114.254330542224
18,42,7845.180984208559
18,44,3997.9754597529054
18,45,5409.087931343807
18,46,6492.042674548333
18,47,8879.946917821235
18,48,9559.2921859635
18,49,8748.02778524493
18,50,7846.2195737936445
18,51,6878.989476463623
18,52,6208.978729071087
18,53,4552.381461017156
18,54,6185.970061400106
18,55,9962.317282107188
18,56,10052.21710461396
18,57,8598.861178218398
18,58,8656.971447450293
18,59,6528.343761409231
18,60,6559.941513977466
18,61,5801.8205469156555
18,62,6888.055671814454
19,20,1144.467502337358
19,22,3427.4752943122126
19,23,8020.792159155814
19,24,3198.9708195424732
19,25,2294.8495513645016
19,26,1254.7675807239846
19,27,1226.7971769615176
19,28,2061.5226539425576
19,29,3019.6673882548603
19,30,3807.9052456329837
19,31,8215.777082458359
19,32,9127.299295554256
19,33,9774.170669706516
19,34,9210.945397758753
19,35,2193.4622869138425
19,36,2223.4146897807095
19,38,3903.264162725489
19,39,9545.053118277629
19,40,10627.534262430156
19,42,8130.676288722756
19,44,4255.468406997598
19,45,4220.186174627108
19,46,5203.9390759088
19,47,9949.878202843218
19,48,9999.69686656226
19,49,9033.523089759128
19,50,8131.714878307842
19,51,7164.48478097782
19,52,6494.474033585285
19,53,4837.876765531353
19,54,5105.23285513488
19,55,10912.57015174813
19,56,10337.712409128157
19,57,8884.35648273259
19,58,8737.979884625362
19,59,6609.352198584301
19,60,6805.216374129749
19,61,5981.443222753801
19,62,6218.732254520729
20,22,2492.5132602315066
20,23,8947.100711575074
20,24,4125.279371961743
20,25,3221.1581037837723
20,26,2181.0761331432564
20,27,1085.7251792486118
20,28,1449.786064731854
20,29,2084.7053541741557
20,30,2872.9432115522786
20,31,9142.085634877627
20,32,10053.607847973517
20,33,9399.623160368688
20,34,8964.265419792
20,35,1969.8524762683805
20,36,1999.8048791352476
20,38,3070.8772405066597
20,39,10471.361670696897
20,40,10040.678129568529
20,42,7907.066478077296
20,44,4031.8585963521364
20,45,3508.7162742140836
20,46,4371.552153689973
20,47,10440.52917445888
20,48,9412.840733700634
20,49,8446.6669568975
20,50,7544.858745446216
20,51,6940.87497033236
20,52,6270.864222939825
20,53,4614.266954885893
20,54,4393.762954721863
20,55,10325.714018886503
20,56,9750.85627626653
20,57,8297.389330851009
20,58,8026.50998421234
20,59,5897.882298171279
20,60,6093.746473716727
20,61,5269.973322340779
20,62,5507.262354107712
22,23,10500.177727690318
22,24,6064.535918406357
22,25,5160.414650228385
22,26,4120.3326795878675
22,27,2977.3304529384613
22,28,2177.896193099692
22,29,1550.2959569909933
22,30,1201.2974885300025
22,31,10469.016233224904
22,32,9722.456094052704
22,33,8922.40772543291
22,34,8487.049984856223
22,35,3643.678999873056
22,36,3147.3819939336067
22,38,2156.469026007316
22,39,10053.914630078629
22,40,9563.46269463275
22,42,7485.012952782918
22,44,4958.702809277393
22,45,3031.500839278308
22,46,3457.1439391906315
22,47,9963.313739523102
22,48,8935.625298764857
22,49,7969.45152196172
22,50,7067.643310510438
22,51,6518.821445037982
22,52,5848.810697645446
22,53,4192.213429591515
22,54,3916.547519786088
22,55,9848.498583950726
22,56,9273.640841330753
22,57,7820.17389591523
22,58,7549.294549276562
22,59,5420.666863235501
22,60,5616.5310387809495
22,61,4792.757887405002
22,62,5008.9287472170945
23,24,5092.3496403953795
23,25,5850.482115526875
23,26,6771.837502845726
23,27,8275.38454028022
23,28,9419.877171531058
23,29,10089.547018994877
23,30,10516.345548909228
23,31,1266.135519920393
23,32,1242.8276304590295
23,33,1793.4802763160667
23,34,3085.6231769591186
23,35,9139.40756594281
23,36,9203.041180131086
23,38,9270.620901335502
23,39,2451.914292493524
23,40,3991.040625570481
23,42,4662.950822007139
23,44,8484.656143049757
23,45,7840.225383010884
23,46,8923.18012621541
23,47,3370.801238484906
23,48,3436.0784809917527
23,49,4264.384912959117
23,50,3822.5338830968312
23,51,4290.578564781364
23,52,5447.411253768728
23,53,6514.063906432573
23,54,8433.234790858382
23,55,3905.1438185721495
23,56,4413.217540499074
23,57,5253.443798302147
23,58,5010.97405061781
23,59,5900.7791303588465
23,60,6006.899498116529
23,61,7035.370319836266
23,62,8619.513114601381
24,25,1039.6114338102805
24,26,1950.0161632323855
24,27,3453.5632006668816
24,28,4598.055831917717
24,29,5656.728012349006
24,30,6444.965869727132
24,31,5287.334563697926
24,32,6198.85677679382
24,33,6885.8299167114465
24,34,8177.972817354503
24,35,4285.553697028719
24,36,4381.219840517749
24,38,6439.797340700649
24,39,6616.6105995172
24,40,8280.536101738526
24,42,8293.172986423948
24,44,4501.310945102252
24,45,5912.423416693149
24,46,6995.378159897675
24,47,7034.842533506233
24,48,7725.573957159796
24,49,8553.880389127164
24,50,8294.21157600903
24,51,7326.98147867901
24,52,6656.970731286475
24,53,5000.373463232543
24,54,6689.305546749448
24,55,8117.212897792185
24,56,8702.713016667118
24,57,9046.853180433782
24,58,9112.860686974222
24,59,6984.233000933161
24,60,7007.933516192853
24,61,6305.156032264999
24,62,7391.391157163798
25,26,1045.8948950544143
25,27,2549.441932488909
25,28,3693.9345637397455
25,29,4752.60674417103
25,30,5540.844601549155
25,31,6045.467038829424
25,32,6956.989251925319
25,33,7643.962391842945
25,34,8560.127395266598
25,35,3447.1461694729082
25,36,3477.098572339776
25,38,5535.676072522679
25,39,7374.743074648699
25,40,9038.668576870019
25,42,7479.858286230603
25,44,3638.3173295073075
25,45,5049.429801098208
25,46,6132.384544302734
25,47,7787.242948822214
25,48,8483.706432291296
25,49,8382.705087266973
25,50,7480.896875815689
25,51,6513.666778485667
25,52,5843.656031093132
25,53,4187.0587630392
25,54,5826.311931154507
25,55,8869.613313108164
25,56,9460.845491798615
25,57,8233.53848024044
25,58,8297.313317204695
25,59,6168.685631163635
25,60,6194.61881599951
25,61,5442.162416670059
25,62,6528.397541568857
26,27,1509.3599618483906
26,28,2653.8525930992305
26,29,3712.524773530515
26,30,4500.762630908641
26,31,6966.822426148273
26,32,7878.344639244167
26,33,8565.31777916179
26,34,8081.253297857739
26,35,2407.064198832389
26,36,2437.016601699256
26,38,4495.5941018821595
26,39,8296.098461967547
26,40,9497.84216252915
26,42,7000.984188821746
26,44,3153.778664366094
26,45,4564.891135956996
26,46,5647.845879161521
26,47,8700.923546533131
26,48,8870.00476666125
26,49,7903.830989858115
26,50,7002.022778406832
26,51,6034.79268107681
26,52,5364.781933684275
26,53,3708.184665630343
26,54,5341.773266013294
26,55,9782.87805184712
26,56,9208.020309227148
26,57,7754.664382831585
26,58,7812.774652063483
26,59,5684.146966022422
26,60,5715.744718590653
26,61,4957.623751528846
26,62,6043.858876427643
27,28,1510.850366449823
27,29,2569.522546881111
27,30,3357.760404259234
27,31,8470.369463582765
27,32,9381.891676678662
27,33,8570.359806785982
27,34,8007.134534838218
27,35,989.6514239933089
27,36,1019.6038268601778
27,38,3352.5918752327557
27,39,9799.645499402035
27,40,9423.72339950963
27,42,6926.865425802225
27,44,3051.6575440770657
27,45,3669.5138871343725
27,46,4653.266788416067
27,47,9823.574444399976
27,48,8795.88600364173
27,49,7829.712226838593
27,50,6927.904015387311
27,51,5960.6739180572895
27,52,5290.663170664754
27,53,3634.065902610822
27,54,4554.560567642153
27,55,9708.7592888276
27,56,9133.901546207628
27,57,7680.545619812064
27,58,7743.864679450334
27,59,5615.236993409273
27,60,5641.625955571132
27,61,4888.713778915697
27,62,5668.059967028002
28,29,1770.0882870423404
28,30,2558.3261444204636
28,31,9614.862094833607
28,32,9338.388680245898
28,33,8538.340311626105
28,34,8102.982571049419
28,35,2137.448722336808
28,36,1590.495147703483
28,38,2330.511413569886
28,39,9669.84721627183
28,40,9179.395280825951
28,42,7100.945538976112
28,44,4199.454842420564
28,45,2647.4334254715022
28,46,3631.1863267532012
28,47,9579.246325716293
28,48,8551.557884958047
28,49,7585.3841081549135
28,50,6683.575896703632
28,51,6134.754031231177
28,52,5464.743283838641
28,53,3808.146015784709
28,54,3532.480105979282
28,55,9464.431170143916
28,56,8889.57342752395
28,57,7436.106482108424
28,58,7165.227135469756
28,59,5036.599449428695
28,60,5232.463624974146
28,61,4408.690473598197
28,62,4645.9795053651305
29,30,1221.2775311332598
29,31,10061.327224623645
29,32,9314.767085451445
29,33,8511.77701673747
29,34,7948.551744789707
29,35,3235.8710938157055
29,36,2635.722898836942
29,38,1044.979351263274
29,39,9646.225621477377
29,40,9155.773686031498
29,42,6868.282635753714
29,44,4364.02029974026
29,45,2286.1486656538427
29,46,2345.6542644465885
29,47,9555.624730921838
29,48,8527.936290163594
29,49,7561.762513360461
29,50,6659.954301909179
29,51,5902.0911280087785
29,52,5232.080380616243
29,53,3575.483112562311
29,54,2809.6563383284674
29,55,9440.809575349464
29,56,8865.951832729497
29,57,7412.484887313971
29,58,7141.605540675303
29,59,5012.977854634242
29,60,5208.842030179692
29,61,4385.068878803744
29,62,3923.155737714316
30,31,10608.618605851463
30,32,9862.058466679264
30,33,8938.575546651813
30,34,8375.350274704053
30,35,4024.108951193828
30,36,3527.8119452543783
30,38,1397.5048430103186
30,39,10232.119176668852
30,40,9741.667241222973
30,42,7295.081165668059
30,44,4790.818829654605
30,45,2712.947195568188
30,46,2698.1797561936346
30,47,10141.518286113322
30,48,9113.829845355078
30,49,8147.656068551943
30,50,7245.84785710066
30,51,6328.889657923123
30,52,5658.878910530588
30,53,4002.2816424766556
30,54,3236.454868242813
30,55,10026.703130540947
30,56,9451.845387920974
30,57,7998.378442505452
30,58,7727.499095866784
30,59,5598.871409825723
30,60,5794.7355853711715
30,61,4970.962433995225
30,62,4349.954267628662
31,32,1528.1382232027813
31,33,2411.7163963190483
31,34,3388.085872552658
31,35,9297.727556151893
31,36,9398.026103433633
31,38,9362.893958277737
31,39,1329.276035819274
31,40,2993.201538040594
31,42,4755.223878949374
31,44,8576.92919999199
31,45,7932.498439953118
31,46,9015.453183157646
31,47,2306.328974951036
31,48,2438.239393461866
31,49,3266.545825429231
31,50,3783.768863552854
31,51,4382.851621723597
31,52,5539.684310710962
31,53,6606.336963374807
31,54,8525.507847800616
31,55,2895.328187821742
31,56,3415.378452969187
31,57,4535.712856375312
31,58,4930.218896328176
31,59,5869.617635893431
31,60,5984.833497854442
31,61,7127.6433767785
31,62,8711.786171543616
32,33,1649.7560463840152
32,34,2636.9095896894023
32,35,8551.167416979695
32,36,9591.747772201732
32,38,8616.333819105539
32,39,1539.292567322521
32,40,2986.920240410526
32,42,4008.6637397771747
32,44,7830.36906081979
32,45,7185.93830078092
32,46,8268.893043985445
32,47,2366.680853324948
32,48,2431.9580958317974
32,49,3260.264527799163
32,50,3037.2087243806523
32,51,3636.2914825513994
32,52,4793.124171538764
32,53,5859.7768242026095
32,54,7778.947708628415
32,55,2901.0234334121915
32,56,3409.0971553391187
32,57,4468.118639585969
32,58,4225.648891901629
32,59,5123.05749672123
32,60,5238.2733586822405
32,61,6381.083237606303
32,62,7965.226032371414
33,34,1488.1898878190552
33,35,7627.684496952251
33,36,8668.264852174289
33,38,7692.850899078091
33,39,2072.6583721733937
33,40,3472.0210310880116
33,42,3085.1808197497285
33,44,6906.886140792344
33,45,6262.455380753474
33,46,7345.4101239579995
33,47,2851.7816440024367
33,48,2917.058886509283
33,49,3081.156922532398
33,50,2253.4435281317815
33,51,2712.8085625239532
33,52,3869.6412515113166
33,53,4936.293904175163
33,54,6855.464788600969
33,55,3386.12422408968
33,56,3894.1979460166044
33,57,3684.353443337095
33,58,3441.883695652758
33,59,4323.009128101433
33,60,4429.129495859116
33,61,5457.600317578856
33,62,7041.743112343967
34,35,7064.459225004485
34,36,8105.039580226522
34,38,7129.6256271303255
34,39,3049.0278484070004
34,40,4082.263242776848
34,42,2513.632400200183
34,44,6343.6608688445785
34,45,5699.230108805708
34,46,6782.184852010234
34,47,3828.1511202360452
34,48,3526.784967285204
34,49,2650.2051375015294
34,50,1822.4917431009146
34,51,2149.583290576187
34,52,3306.4159795635505
34,53,4373.068632227398
34,54,6292.239516653203
34,55,4362.493700323289
34,56,3895.4467546573533
34,57,3253.4016583062303
34,58,3010.9319106218923
34,59,3887.651387524744
34,60,3993.771755282428
34,61,4894.37504563109
34,62,6478.517840396201
35,36,1267.2312283133838
35,38,3972.0059129834663
35,39,8932.733829969788
35,40,8481.048089675895
35,42,5984.1901159684885
35,44,2108.9822342433276
35,45,3520.0947058342276
35,46,4603.049449038751
35,47,8880.899134566236
35,48,7853.210693807988
35,49,6887.036917004853
35,50,5985.228705553572
35,51,5017.998608223553
35,52,4347.987860831017
35,53,2691.3905927770843
35,54,4296.976835890528
35,55,8766.08397899385
35,56,8191.226236373889
35,57,6737.870309978323
35,58,6801.1893696165935
35,59,4672.561683575533
35,60,4698.95064573739
35,61,3946.0384690819583
35,62,5032.273593980755
36,38,3129.0563729088703
36,39,9973.314185191823
36,40,9521.628444897926
36,42,7024.770471190524
36,44,3149.562589465365
36,45,3445.978384810488
36,46,4429.731286092183
36,47,9921.479489788271
36,48,8893.791049030027
36,49,7927.617272226892
36,50,7025.80906077561
36,51,6058.578963445589
36,52,5388.568216053053
36,53,3731.970947999121
36,54,4331.025065318268
36,55,9806.664334215897
36,56,9231.806591595925
36,57,7778.450665200363
36,58,7841.769724838633
36,59,5713.142038797572
36,60,5739.531000959431
36,61,4986.618824303995
36,62,5444.524464704117
38,39,8986.394529095136
38,40,8495.942593649257
38,42,6049.356518094335
38,44,3545.0941820808775
38,45,1467.2225479944639
38,46,1359.7908628743062
38,47,8895.793638539602
38,48,7868.105197781352
38,49,6901.931420978218
38,50,6000.123209526935
38,51,5083.165010349399
38,52,4413.154262956864
38,53,2756.5569949029305
38,54,1990.7302206690883
38,55,8780.978482967213
38,56,8206.120740347253
38,57,6752.653794931728
38,58,6481.77444829306
38,59,4353.1467622519995
38,60,4549.010937797447
38,61,3725.237786421501
38,62,3104.2296200549367
39,40,2089.199730176642
39,42,4390.230152767265
39,44,8211.93547380988
39,45,7548.611551303819
39,46,8638.953753975045
39,47,1456.9837998705452
39,48,1534.2375855979142
39,49,2362.544017565278
39,50,3100.248728681228
39,51,4017.857895541492
39,52,5174.690584528853
39,53,6241.343237192698
39,54,8160.514121618504
39,55,1991.3263799577894
39,56,2511.376645105234
39,57,3631.711048511361
39,58,4026.2170884642214
39,59,5405.887767681662
39,60,5587.712809402233
39,61,6762.649650596391
39,62,8346.792445361503
40,42,4601.715722865944
40,44,7760.249733515994
40,45,7058.159615857947
40,46,8148.501818529173
40,47,2119.2106662695237
40,48,1091.5222255112756
40,49,1872.092082119406
40,50,2609.796793235355
40,51,3532.4015413257484
40,52,4743.8151687984855
40,53,5789.657496898813
40,54,7708.828381324619
40,55,2063.6638231535153
40,56,2035.11076737883
40,57,3141.2591130654896
40,58,3535.765153018349
40,59,4915.435832235789
40,60,5097.26087395636
40,61,6331.774234866024
40,62,7915.917029631135
42,44,5263.391759808586
42,45,4618.960999769717
42,46,5701.915742974243
42,47,5001.566767756288
42,48,3973.8783269980418
42,49,3007.704550194902
42,50,2105.896338743619
42,51,1069.314181540196
42,52,2226.1468705275583
42,53,3292.799523191405
42,54,5211.970407617212
42,55,4886.751612183905
42,56,4311.893869563938
42,57,3415.092307841445
42,58,3154.9272762707674
42,59,3501.471429676843
42,60,3634.6682063319226
42,61,3814.105936595101
42,62,5398.248731360209
44,45,2114.698663756262
44,46,3197.6534069607856
44,47,8160.10077840633
44,48,7132.412337648085
44,49,6166.23856084495
44,50,5264.430349393668
44,51,4297.200252063651
44,52,3627.189504671112
44,53,1970.5922366171792
44,54,2891.5807938125618
44,55,8045.285622833947
44,56,7470.427880213985
44,57,6017.071953818419
44,58,6025.926166545064
44,59,3897.2984805040023
44,60,3873.6486676138124
44,61,3180.974337459445
44,62,3732.506843467685
45,46,1119.7817728743723
45,47,7458.010660748282
45,48,6430.3222199900365
45,49,5464.148443186902
45,50,4562.340231735619
45,51,3652.7694920247854
45,52,2982.758744632246
45,53,1326.1614765783133
45,54,990.1603702581191
45,55,7343.195505175899
45,56,6768.337762555937
45,57,5314.870817140416
45,58,5043.991470501743
45,59,2915.363784460683
45,60,3111.2279600061297
45,61,2287.454808630186
45,62,2103.659769643969
46,47,8548.352863419506
46,48,7520.66442266126
46,49,6554.490645858125
46,50,5652.682434406843
46,51,4735.724235229306
46,52,4065.71348783677
46,53,2409.1162197828376
46,54,1643.2894455489973
46,55,8433.537707847121
46,56,7858.67996522716
46,57,6405.2130198116365
46,58,6134.333673172968
46,59,4005.705987131906
46,60,4201.570162677354
46,61,3377.797011301409
46,62,2756.788844934846
47,48,1042.1339513022194
47,49,2344.302247386011
47,50,3009.6478381256998
47,51,3932.2525862160933
47,52,5143.666213688828
47,53,6189.508541789157
47,54,8108.679426214962
47,55,1261.37875533845
47,56,2301.2917052461344
47,57,3541.1101579558326
47,58,3935.6161979086933
47,59,5315.286877126135
47,60,5497.111918846704
47,61,6731.625279756367
47,62,8315.768074521478
48,49,1316.613806627764
48,50,1981.9593973674523
48,51,2904.564145457845
48,52,4115.9777729305815
48,53,5161.82010103091
48,54,7080.990985456716
48,55,1111.0447093401765
48,56,1273.6032644878856
48,57,2513.4217171975865
48,58,2907.9277571504467
48,59,4287.598436367886
48,60,4469.423478088459
48,61,5703.93683899812
48,62,7288.079633763231
49,50,1015.7856205643142
49,51,1938.3903686547067
49,52,3149.8039961274435
49,53,4195.646324227771
49,54,6114.817208653577
49,55,2256.2348258799852
49,56,1685.2755939999097
49,57,1750.776414919754
49,58,2052.3507212605205
49,59,3321.4246595647473
49,60,3503.2497012853214
49,61,4737.763062194983
49,62,6321.905856960094
50,51,1036.5821572034224
50,52,2247.995784676157
50,53,3293.8381127764883
50,54,5213.008997202295
50,55,2894.832682553315
50,56,2319.9749399333477
50,57,1457.7827954926806
50,58,1199.333761111506
50,59,2451.317755940793
50,60,2601.4414898340387
50,61,3835.9548507437
50,62,5420.0976455088085
51,52,1259.9553627826242
51,53,2326.6080154464707
51,54,4245.778899872284
51,55,3817.4374306437085
51,56,3242.5796880237413
51,57,2345.778126301248
51,58,2085.6130947305733
51,59,2432.1572481366475
51,60,2565.354024791727
51,61,2847.914428850167
51,62,4432.057223615275
52,53,1656.597268053932
52,54,3575.7681524797445
52,55,5028.851058116445
52,56,4453.993315496477
52,57,3557.1917537739846
52,58,3297.0267222033076
52,59,2394.127933418267
52,60,2226.459568001682
52,61,2177.9036814576266
52,62,3762.0464762227352
53,54,1919.1708844258108
53,55,6074.693386216768
53,56,5499.835643596806
53,57,4046.479717201237
53,58,4303.856104417949
53,59,2175.2284183768916
53,60,2007.560052960307
53,61,2015.781528826328
53,62,2983.860081623147
54,55,7993.864270642578
54,56,7419.006528022616
54,57,5965.650601627051
54,58,5929.038151009522
54,59,3800.4104649684596
54,60,2904.683579161912
54,61,2186.1885106139844
54,62,1113.4993993858482
55,56,1836.8469258213286
55,57,3139.145224003228
55,58,3820.80104233631
55,59,5196.7957312093795
55,60,5382.29676327432
55,61,6616.810124183982
55,62,8200.952918949093
56,57,2352.560788333578
56,58,3245.9432997163426
56,59,4430.581015399459
56,60,4807.439020654353
56,61,6041.952381564016
56,62,7626.095176329127
57,58,1713.0180258684493
57,59,2710.6947892727003
57,60,3340.5047206474196
57,61,4624.579460945288
57,62,6090.1164687189075
58,59,2508.988458031857
58,60,3611.4594814754987
58,61,4396.18042079211
58,62,5861.717428565729
59,60,1482.8317954344425
59,61,2267.5527347510565
59,62,3733.089742524675
60,61,1815.45114195241
60,62,3131.4547954658506
61,62,1592.1032611455057
